Sample,Doubling Time (hrs)
127399_SOFT_TISSUE,44.0
143B_BONE,46.0
22RV1_PROSTATE,58.4
2313287_STOMACH,83.73333333333333
42MGBA_CENTRAL_NERVOUS_SYSTEM,73.06666666666666
5637_URINARY_TRACT,52.6
59M_OVARY,92.0590125
639V_URINARY_TRACT,39.53333333333333
647V_URINARY_TRACT,80.60000000000001
697_HAEMATOPOIETIC_AND_LYMPHOID_TISSUE,46.6
769P_KIDNEY,38.0
786O_KIDNEY,40.0
8305C_THYROID,100.06666666666666
8505C_THYROID,64.00198735000001
8MGBA_CENTRAL_NERVOUS_SYSTEM,43.0
A101D_SKIN,69.1
A172_CENTRAL_NERVOUS_SYSTEM,66.0
A204_SOFT_TISSUE,34.0
A2058_SKIN,33.75
A253_SALIVARY_GLAND,48.86666666666667
A2780_OVARY,62.199999999999996
A375_SKIN,29.866666666666664
A3KAW_HAEMATOPOIETIC_AND_LYMPHOID_TISSUE,45.0
A427_LUNG,74.0
A498_KIDNEY,53.6
A4FUK_HAEMATOPOIETIC_AND_LYMPHOID_TISSUE,118.1
A549_LUNG,43.333333333333336
ABC1_LUNG,69.41527333333333
ACHN_KIDNEY,284.1
AGS_STOMACH,74.07233545
ALLSIL_HAEMATOPOIETIC_AND_LYMPHOID_TISSUE,67.66666666666667
AML193_HAEMATOPOIETIC_AND_LYMPHOID_TISSUE,79.53333333333333
AMO1_HAEMATOPOIETIC_AND_LYMPHOID_TISSUE,55.199999999999996
AN3CA_ENDOMETRIUM,88.9
ANGMCSS_CENTRAL_NERVOUS_SYSTEM,47.5
ASPC1_PANCREAS,131.0
AU565_BREAST,62.06666666666666
BC3C_URINARY_TRACT,53.46666666666667
BCP1_HAEMATOPOIETIC_AND_LYMPHOID_TISSUE,295.275492
BCPAP_THYROID,36.2
BEN_LUNG,58.8
BFTC905_URINARY_TRACT,40.86666666666667
BFTC909_KIDNEY,41.333333333333336
BHT101_THYROID,38.5
BHY_UPPER_AERODIGESTIVE_TRACT,65.73333333333333
BICR16_UPPER_AERODIGESTIVE_TRACT,70.39999999999999
BICR18_UPPER_AERODIGESTIVE_TRACT,30.0
BICR22_UPPER_AERODIGESTIVE_TRACT,58.333333333333336
BICR31_UPPER_AERODIGESTIVE_TRACT,67.8
BICR56_UPPER_AERODIGESTIVE_TRACT,108.46666666666665
BICR6_UPPER_AERODIGESTIVE_TRACT,91.60000000000001
BICR78_UPPER_AERODIGESTIVE_TRACT,36.0
BIN67_OVARY,56.0
BL41_HAEMATOPOIETIC_AND_LYMPHOID_TISSUE,25.5
BL70_HAEMATOPOIETIC_AND_LYMPHOID_TISSUE,43.5686103
BLUE1_HAEMATOPOIETIC_AND_LYMPHOID,46.0
BT16_SOFT_TISSUE,42.0
BT474_BREAST,89.5
BT483_BREAST,206.3
BT549_BREAST,92.26666666666667
BV173_HAEMATOPOIETIC_AND_LYMPHOID_TISSUE,100.6
BXPC3_PANCREAS,48.0
C2BBE1_LARGE_INTESTINE,110.9
C32_SKIN,79.33333333333333
C33A_CERVIX,36.0
CA46_HAEMATOPOIETIC_AND_LYMPHOID_TISSUE,25.7
CADOES1_BONE,85.26666666666667
CAKI1_KIDNEY,70.86666666666666
CAKI2_KIDNEY,72.0
CAL120_BREAST,49.93333333333334
CAL12T_LUNG,43.0
CAL148_BREAST,60.0
CAL27_UPPER_AERODIGESTIVE_TRACT,29.53333333333333
CAL29_URINARY_TRACT,82.5
CAL33_UPPER_AERODIGESTIVE_TRACT,26.53333333333333
CAL51_BREAST,31.2
CAL62_THYROID,26.0
CAL78_BONE,105.46666666666665
CAL851_BREAST,92.26666666666667
CALU1_LUNG,54.0
CALU3_LUNG,216.414792
CALU6_LUNG,78.93333333333334
CAMA1_BREAST,133.53333333333333
CAOV3_OVARY,69.45
CAPAN1_PANCREAS,122.93333333333334
CAS1_CENTRAL_NERVOUS_SYSTEM,62.0
CASKI_CERVIX,52.8
CCFSTTG1_CENTRAL_NERVOUS_SYSTEM,149.0
CCK81_LARGE_INTESTINE,208.33333333333334
CCLFPEDS0008T_SOFT_TISSUE,61.0
CFPAC1_PANCREAS,80.2
CH157MN_CENTRAL_NERVOUS_SYSTEM,35.0
CHAGOK1_LUNG,60.0
CHLA10_BONE,20.0
CHLA15_AUTONOMIC_GANGLIA,42.0
CHLA266_SOFT_TISSUE,55.0
CHLA32_BONE,30.0
CHLA57_BONE,32.0
CHLA9_BONE,55.0
CHP212_AUTONOMIC_GANGLIA,93.8
CI1_HAEMATOPOIETIC_AND_LYMPHOID_TISSUE,70.5291549
CJM_SKIN,49.92416265
CL11_LARGE_INTESTINE,92.53333333333335
CL14_LARGE_INTESTINE,142.2
CL34_LARGE_INTESTINE,92.0
CL40_LARGE_INTESTINE,109.642458
CME1_SOFT_TISSUE,32.0
CMK_HAEMATOPOIETIC_AND_LYMPHOID_TISSUE,37.6
CMLT1_HAEMATOPOIETIC_AND_LYMPHOID_TISSUE,172.70931
COGAR359_SOFT_TISSUE,86.0
COGE352_BONE,60.0
COGN278_AUTONOMIC_GANGLIA,73.0
COGN305_AUTONOMIC_GANGLIA,60.0
COLO201_LARGE_INTESTINE,72.0
COLO678_LARGE_INTESTINE,90.5363876
COLO679_SKIN,68.2
COLO684_ENDOMETRIUM,48.0
COLO699_LUNG,50.0
COLO741_SKIN,65.15
COLO783_SKIN,110.4
COLO792_SKIN,121.86666666666667
COLO800_SKIN,53.199999999999996
COLO829_SKIN,126.9
CORL23_LUNG,37.93333333333333
CORL24_LUNG,139.2
CORL279_LUNG,95.0
CORL311_LUNG,112.1
CORL47_LUNG,88.0
CORL88_LUNG,67.0
CORL95_LUNG,123.4
COV318_OVARY,96.73333333333333
COV362_OVARY,72.66666666666667
COV413A_OVARY,122.7
COV504_OVARY,84.0
COV644_OVARY,156.66666666666666
CW2_LARGE_INTESTINE,103.284205
CW9019_SOFT_TISSUE,70.0
D283MED_CENTRAL_NERVOUS_SYSTEM,243.4
D341MED_CENTRAL_NERVOUS_SYSTEM,472.8
D425_CENTRAL_NERVOUS_SYSTEM,50.0
D458_CENTRAL_NERVOUS_SYSTEM,50.0
DANG_PANCREAS,41.199999999999996
DAOY_CENTRAL_NERVOUS_SYSTEM,51.53333333333333
DAUDI_HAEMATOPOIETIC_AND_LYMPHOID_TISSUE,59.0
DBTRG05MG_CENTRAL_NERVOUS_SYSTEM,54.2
DB_HAEMATOPOIETIC_AND_LYMPHOID_TISSUE,45.06666666666666
DEL_HAEMATOPOIETIC_AND_LYMPHOID_TISSUE,66.06666666666666
DERL2_HAEMATOPOIETIC_AND_LYMPHOID_TISSUE,60.0
DETROIT562_UPPER_AERODIGESTIVE_TRACT,95.39999999999999
DKMG_CENTRAL_NERVOUS_SYSTEM,75.8
DLD1_LARGE_INTESTINE,55.0
DMS114_LUNG,77.7
DMS153_LUNG,63.5
DMS273_LUNG,72.0
DMS454_LUNG,121.8
DMS53_LUNG,200.76666666666665
DMS79_LUNG,244.0
DND41_HAEMATOPOIETIC_AND_LYMPHOID_TISSUE,102.73333333333333
DOHH2_HAEMATOPOIETIC_AND_LYMPHOID_TISSUE,119.2
DOTC24510_CERVIX,132.0
DU145_PROSTATE,161.0
DU4475_BREAST,123.73333333333333
DV90_LUNG,43.6
EB1_HAEMATOPOIETIC_AND_LYMPHOID_TISSUE,89.8
EBC1_LUNG,80.66666666666667
ECC10_STOMACH,148.793912
ECC12_STOMACH,95.9
ECGI10_OESOPHAGUS,45.0
EFE184_ENDOMETRIUM,87.60000000000001
EFM192A_BREAST,96.7
EFM19_BREAST,75.632514
EFO21_OVARY,101.062637
EFO27_OVARY,64.7560493
EGI1_BILIARY_TRACT,55.0
EHEB_HAEMATOPOIETIC_AND_LYMPHOID_TISSUE,176.0
EJM_HAEMATOPOIETIC_AND_LYMPHOID_TISSUE,180.26666666666665
EKVX_LUNG,62.26666666666667
EM2_HAEMATOPOIETIC_AND_LYMPHOID_TISSUE,72.2
EN_ENDOMETRIUM,95.93333333333334
EOL1_HAEMATOPOIETIC_AND_LYMPHOID_TISSUE,64.5
EPLC272H_LUNG,79.39999999999999
ES2_OVARY,29.866666666666664
ESO26_OESOPHAGUS,59.0
ESS1_ENDOMETRIUM,49.4
EW8_BONE,30.0
EWS502_BONE,46.0
F36P_HAEMATOPOIETIC_AND_LYMPHOID_TISSUE,40.0
F5_CENTRAL_NERVOUS_SYSTEM,50.0
FADU_UPPER_AERODIGESTIVE_TRACT,38.86666666666667
FLO1_OESOPHAGUS,37.0
FTC133_THYROID,56.0
FTC238_THYROID,59.0
FU97_STOMACH,52.0
G361_SKIN,46.800000000000004
G401_SOFT_TISSUE,30.0
G402_SOFT_TISSUE,40.4
GA10_HAEMATOPOIETIC_AND_LYMPHOID_TISSUE,51.6
GAMG_CENTRAL_NERVOUS_SYSTEM,33.0
GB1_CENTRAL_NERVOUS_SYSTEM,42.0
GCIY_STOMACH,72.0
GCT_SOFT_TISSUE,53.06666666666666
GI1_CENTRAL_NERVOUS_SYSTEM,36.4
GIMEN_AUTONOMIC_GANGLIA,48.0
GMS10_CENTRAL_NERVOUS_SYSTEM,61.1
GP2D_LARGE_INTESTINE,77.1
GSS_STOMACH,59.38826425
GSU_STOMACH,52.40933545
H103_BUCCAL,50.0
H4_CENTRAL_NERVOUS_SYSTEM,40.4
HA1E_KIDNEY,51.5
HARA_LUNG,52.46666666666667
HCC1143_BREAST,164.13333333333333
HCC1187_BREAST,66.0
HCC1359_LUNG,44.46666666666667
HCC1395_BREAST,130.20000000000002
HCC1419_BREAST,88.45
HCC1428_BREAST,88.93333333333334
HCC1500_BREAST,123.5
HCC1569_BREAST,172.6
HCC1599_BREAST,179.8
HCC15_LUNG,51.13333333333333
HCC1806_BREAST,40.674159700000004
HCC1937_BREAST,85.86666666666667
HCC1954_BREAST,54.0
HCC202_BREAST,216.73333333333335
HCC2108_LUNG,54.9
HCC2218_BREAST,147.7
HCC2450_LUNG,50.0
HCC2935_LUNG,115.9
HCC33_LUNG,89.13333333333333
HCC366_LUNG,141.66666666666666
HCC38_BREAST,93.53333333333335
HCC4006_LUNG,108.7
HCC44_LUNG,31.666666666666668
HCC461_LUNG,42.0
HCC515_LUNG,36.0
HCC56_LARGE_INTESTINE,110.04545805000001
HCC70_BREAST,170.128152
HCC78_LUNG,33.0
HCC827_LUNG,117.6
HCC95_LUNG,37.0
HCT15_LARGE_INTESTINE,36.2
HDLM2_HAEMATOPOIETIC_AND_LYMPHOID_TISSUE,114.53333333333335
HDMYZ_HAEMATOPOIETIC_AND_LYMPHOID_TISSUE,43.6
HDQP1_BREAST,63.0
HEC108_ENDOMETRIUM,63.0
HEC151_ENDOMETRIUM,108.0
HEC1A_ENDOMETRIUM,53.0
HEC1B_ENDOMETRIUM,62.580190349999995
HEC251_ENDOMETRIUM,39.7406047
HEC265_ENDOMETRIUM,80.0
HEC50B_ENDOMETRIUM,36.95
HEC59_ENDOMETRIUM,71.2
HEC6_ENDOMETRIUM,50.0
HEL9217_HAEMATOPOIETIC_AND_LYMPHOID_TISSUE,116.0
HELA_CERVIX,50.0
HEL_HAEMATOPOIETIC_AND_LYMPHOID_TISSUE,38.4
HEP3B217_LIVER,100.0
HEPG2_LIVER,75.46666666666667
HEYA8_OVARY,75.15
HGC27_STOMACH,31.0
HKA1_SKIN,46.0
HL60_HAEMATOPOIETIC_AND_LYMPHOID_TISSUE,113.3
HLF_LIVER,62.800000000000004
HMC18_BREAST,55.53333333333333
HMCB_SKIN,63.7
HNT34_HAEMATOPOIETIC_AND_LYMPHOID_TISSUE,62.2
HOP62_LUNG,45.199999999999996
HOP92_LUNG,122.2
HOS_BONE,34.1
HPAC_PANCREAS,77.46666666666667
HPAFII_PANCREAS,79.0
HS229T_FIBROBLAST,467.4
HS294T_SKIN,67.0
HS578T_BREAST,47.9
HS606T_FIBROBLAST,365.0
HS618T_FIBROBLAST,30.0
HS683_CENTRAL_NERVOUS_SYSTEM,55.0
HS688AT_FIBROBLAST,208.5
HS695T_SKIN,116.06666666666666
HS729_SOFT_TISSUE,62.0
HS746T_STOMACH,112.746554
HS839T_FIBROBLAST,96.9
HS852T_SKIN,65.86666666666666
HS863T_FIBROBLAST,175.9
HS934T_FIBROBLAST,149.9
HS936T_SKIN,53.82220935
HS939T_SKIN,55.53359275
HS944T_SKIN,39.6819333
HSB2_HAEMATOPOIETIC_AND_LYMPHOID_TISSUE,59.0
HSC1_SKIN,48.0
HSC2_UPPER_AERODIGESTIVE_TRACT,38.46666666666667
HSC3_UPPER_AERODIGESTIVE_TRACT,68.06666666666666
HSC5_SKIN,33.5
HT1080_SOFT_TISSUE,42.7
HT115_LARGE_INTESTINE,75.73333333333333
HT1197_URINARY_TRACT,53.0
HT1376_URINARY_TRACT,96.7
HT144_SKIN,44.666666666666664
HT29_LARGE_INTESTINE,29.75
HT55_LARGE_INTESTINE,113.346643
HT_HAEMATOPOIETIC_AND_LYMPHOID_TISSUE,55.45
HUCCT1_BILIARY_TRACT,51.1829734
HUG1N_STOMACH,35.0
HUH1_LIVER,117.2
HUH28_BILIARY_TRACT,90.5
HUH6_LIVER,74.0
HUH7_LIVER,44.0
HUNS1_HAEMATOPOIETIC_AND_LYMPHOID_TISSUE,41.45
HUPT3_PANCREAS,106.0
HUPT4_PANCREAS,440.0
HUT78_HAEMATOPOIETIC_AND_LYMPHOID_TISSUE,70.05
HUTU80_SMALL_INTESTINE,50.0
IALM_LUNG,128.79999999999998
IGR1_SKIN,53.53333333333333
IGR37_SKIN,40.6
IGR39_SKIN,38.13333333333333
IGROV1_OVARY,38.86666666666667
IM95_STOMACH,50.13333333333333
IMR32_AUTONOMIC_GANGLIA,75.0
INA6_HAEMATOPOIETIC_AND_LYMPHOID_TISSUE,53.0
IPC298_SKIN,31.0
ISHIKAWAHERAKLIO02ER_ENDOMETRIUM,42.0
ISTMES1_PLEURA,120.0
ISTMES2_PLEURA,57.06749845
J82_URINARY_TRACT,56.26666666666667
JAR_PLACENTA,55.5
JEKO1_HAEMATOPOIETIC_AND_LYMPHOID_TISSUE,50.666666666666664
JHESOAD1_OESOPHAGUS,42.0
JHH1_LIVER,112.33333333333333
JHH2_LIVER,102.73333333333333
JHH4_LIVER,82.13333333333334
JHH5_LIVER,42.86666666666667
JHH6_LIVER,121.2
JHH7_LIVER,58.449956549999996
JHOC5_OVARY,49.8665825
JHOM1_OVARY,49.666666666666664
JHOS2_OVARY,133.4
JHOS4_OVARY,108.2
JHUEM1_ENDOMETRIUM,215.4
JHUEM7_ENDOMETRIUM,99.13333333333333
JIMT1_BREAST,43.0
JJN3_HAEMATOPOIETIC_AND_LYMPHOID_TISSUE,93.7076905
JL1_PLEURA,66.06666666666666
JMSU1_URINARY_TRACT,104.39999999999999
JMURTK2_SOFT_TISSUE,70.0
JOPACA1_PANCREAS,89.0
JURKAT_HAEMATOPOIETIC_AND_LYMPHOID_TISSUE,67.49583990000001
JURLMK1_HAEMATOPOIETIC_AND_LYMPHOID_TISSUE,46.0551011
JVM3_HAEMATOPOIETIC_AND_LYMPHOID_TISSUE,79.31857635
K029AX_SKIN,51.0
K562_HAEMATOPOIETIC_AND_LYMPHOID_TISSUE,51.13333333333333
KALS1_CENTRAL_NERVOUS_SYSTEM,59.93333333333334
KARPAS299_HAEMATOPOIETIC_AND_LYMPHOID_TISSUE,42.0
KARPAS422_HAEMATOPOIETIC_AND_LYMPHOID_TISSUE,49.0
KARPAS620_HAEMATOPOIETIC_AND_LYMPHOID_TISSUE,67.6
KASUMI1_HAEMATOPOIETIC_AND_LYMPHOID_TISSUE,58.46666666666667
KASUMI2_HAEMATOPOIETIC_AND_LYMPHOID_TISSUE,55.0
KASUMI6_HAEMATOPOIETIC_AND_LYMPHOID_TISSUE,142.9
KATOIII_STOMACH,46.46666666666667
KCL22_HAEMATOPOIETIC_AND_LYMPHOID_TISSUE,63.135074
KD_SOFT_TISSUE,34.0
KE39_STOMACH,74.33333333333333
KE97_HAEMATOPOIETIC_AND_LYMPHOID_TISSUE,40.3
KELLY_AUTONOMIC_GANGLIA,40.6
KG1C_CENTRAL_NERVOUS_SYSTEM,111.4
KG1_HAEMATOPOIETIC_AND_LYMPHOID_TISSUE,78.5
KHM1B_HAEMATOPOIETIC_AND_LYMPHOID_TISSUE,88.2
KHYG_HAEMATOPOIETIC_AND_LYMPHOID_TISSUE,49.0
KIJK_HAEMATOPOIETIC_AND_LYMPHOID_TISSUE,55.94625835
KKU100_BILIARY_TRACT,176.5
KLE_ENDOMETRIUM,66.13333333333334
KM12_LARGE_INTESTINE,54.991994250000005
KMBC2_URINARY_TRACT,106.93333333333334
KMM1_HAEMATOPOIETIC_AND_LYMPHOID_TISSUE,53.7155632
KMRC1_KIDNEY,50.93333333333334
KMRC20_KIDNEY,63.333333333333336
KMRC2_KIDNEY,107.53333333333335
KMRC3_KIDNEY,75.46666666666667
KMS11_HAEMATOPOIETIC_AND_LYMPHOID_TISSUE,76.8
KMS12BM_HAEMATOPOIETIC_AND_LYMPHOID_TISSUE,45.0
KMS18_HAEMATOPOIETIC_AND_LYMPHOID_TISSUE,103.0
KMS20_HAEMATOPOIETIC_AND_LYMPHOID_TISSUE,115.66666666666667
KMS26_HAEMATOPOIETIC_AND_LYMPHOID_TISSUE,33.800000000000004
KMS27_HAEMATOPOIETIC_AND_LYMPHOID_TISSUE,103.13333333333333
KMS28BM_HAEMATOPOIETIC_AND_LYMPHOID_TISSUE,60.0
KMS34_HAEMATOPOIETIC_AND_LYMPHOID_TISSUE,67.93333333333334
KNS42_CENTRAL_NERVOUS_SYSTEM,93.13333333333333
KNS60_CENTRAL_NERVOUS_SYSTEM,66.0
KNS62_LUNG,56.13333333333333
KNS81_CENTRAL_NERVOUS_SYSTEM,81.0
KO52_HAEMATOPOIETIC_AND_LYMPHOID_TISSUE,50.5
KOPN8_HAEMATOPOIETIC_AND_LYMPHOID_TISSUE,67.4
KP2_PANCREAS,103.2
KP4_PANCREAS,30.3
KPNRTBM1_AUTONOMIC_GANGLIA,302.8666666666667
KPNSI9S_AUTONOMIC_GANGLIA,56.962161550000005
KPNYN_AUTONOMIC_GANGLIA,132.53333333333333
KS1_CENTRAL_NERVOUS_SYSTEM,67.65
KU1919_URINARY_TRACT,33.4
KU812_HAEMATOPOIETIC_AND_LYMPHOID_TISSUE,45.0
KURAMOCHI_OVARY,122.8
KYM1_SOFT_TISSUE,50.0
KYO1_HAEMATOPOIETIC_AND_LYMPHOID_TISSUE,98.86666666666667
KYSE140_OESOPHAGUS,29.0
KYSE150_OESOPHAGUS,34.666666666666664
KYSE180_OESOPHAGUS,34.06666666666667
KYSE270_OESOPHAGUS,154.06666666666666
KYSE30_OESOPHAGUS,25.0
KYSE410_OESOPHAGUS,36.6
KYSE450_OESOPHAGUS,37.504246949999995
KYSE510_OESOPHAGUS,43.629849899999996
KYSE520_OESOPHAGUS,98.53333333333335
KYSE70_OESOPHAGUS,58.333333333333336
L1236_HAEMATOPOIETIC_AND_LYMPHOID_TISSUE,93.26666666666667
L33_PANCREAS,36.53333333333333
L363_HAEMATOPOIETIC_AND_LYMPHOID_TISSUE,54.026666666666664
L428_HAEMATOPOIETIC_AND_LYMPHOID_TISSUE,325.511797
L540_HAEMATOPOIETIC_AND_LYMPHOID_TISSUE,82.95988975
L82_HAEMATOPOIETIC_AND_LYMPHOID_TISSUE,40.0
LAN2_AUTONOMIC_GANGLIA,77.5
LCLC103H_LUNG,36.0
LCLC97TM1_LUNG,55.9956358
LI7_LIVER,50.5137448
LK2_LUNG,58.0
LMSU_STOMACH,41.5098651
LN18_CENTRAL_NERVOUS_SYSTEM,40.6
LN229_CENTRAL_NERVOUS_SYSTEM,48.0
LN235_CENTRAL_NERVOUS_SYSTEM,56.0
LN340_CENTRAL_NERVOUS_SYSTEM,41.0
LN382_CENTRAL_NERVOUS_SYSTEM,36.0
LN428_CENTRAL_NERVOUS_SYSTEM,29.0
LN443_CENTRAL_NERVOUS_SYSTEM,47.0
LN464_CENTRAL_NERVOUS_SYSTEM,30.0
LNCAPCLONEFGC_PROSTATE,53.0
LNZ308_CENTRAL_NERVOUS_SYSTEM,60.0
LOUCY_HAEMATOPOIETIC_AND_LYMPHOID_TISSUE,63.0
LOUNH91_LUNG,101.6
LOVO_LARGE_INTESTINE,177.674328
LOXIMVI_SKIN,39.199999999999996
LP1_HAEMATOPOIETIC_AND_LYMPHOID_TISSUE,127.7
LS1034_LARGE_INTESTINE,107.93333333333334
LS123_LARGE_INTESTINE,76.23853315
LS180_LARGE_INTESTINE,62.0
LS411N_LARGE_INTESTINE,69.9
LU65_LUNG,63.7
LU99_LUNG,38.6
LUDLU1_LUNG,101.8
LXF289_LUNG,58.13333333333333
M059K_CENTRAL_NERVOUS_SYSTEM,164.5
M07E_HAEMATOPOIETIC_AND_LYMPHOID_TISSUE,252.0
MAC2A_HAEMATOPOIETIC_AND_LYMPHOID_TISSUE,23.0
MALME3M_SKIN,105.93333333333334
MB1_THYROID,68.0
MC116_HAEMATOPOIETIC_AND_LYMPHOID_TISSUE,41.6
MCAS_OVARY,32.666666666666664
MCC13_SKIN,81.0
MCC26_SKIN,72.5
MCF7_BREAST,84.9
MDAMB134VI_BREAST,368.0
MDAMB157_BREAST,87.60000000000001
MDAMB175VII_BREAST,133.7
MDAMB231_BREAST,69.76666666666667
MDAMB361_BREAST,168.2
MDAMB415_BREAST,169.86666666666667
MDAMB435S_SKIN,43.0
MDAMB436_BREAST,62.4
MDAMB453_BREAST,38.0
MDAMB468_BREAST,59.0
MDAPCA2B_PROSTATE,172.0
MDST8_LARGE_INTESTINE,37.93333333333333
ME1_HAEMATOPOIETIC_AND_LYMPHOID_TISSUE,142.8
MEC1_HAEMATOPOIETIC_AND_LYMPHOID_TISSUE,76.0
MEL202_EYE,71.0
MELHO_SKIN,44.6
MELJUSO_SKIN,35.6
MERO14_LUNG,100.5
MERO25_LUNG,50.0
MERO41_LUNG,122.0
MERO48A_LUNG,152.0
MERO82_LUNG,39.5
MERO83_LUNG,46.0
MERO84_LUNG,58.0
MERO95_LUNG,51.0
MESSA_SOFT_TISSUE,50.53333333333333
MEWO_SKIN,49.909235699999996
MFE296_ENDOMETRIUM,45.07
MFE319_ENDOMETRIUM,68.0
MG63_BONE,47.0
MHHCALL4_HAEMATOPOIETIC_AND_LYMPHOID_TISSUE,89.0
MHHES1_BONE,28.7782213
MIAPACA2_PANCREAS,37.1
MINO_HAEMATOPOIETIC_AND_LYMPHOID_TISSUE,70.9
MKN1_STOMACH,88.901314
MKN45_STOMACH,29.0
MKN74_STOMACH,46.342053750000005
MKN7_STOMACH,70.66
ML1_THYROID,66.9
MM1S_HAEMATOPOIETIC_AND_LYMPHOID_TISSUE,41.93333333333333
MOLM13_HAEMATOPOIETIC_AND_LYMPHOID_TISSUE,50.4
MOLM16_HAEMATOPOIETIC_AND_LYMPHOID_TISSUE,73.9
MOLM6_HAEMATOPOIETIC_AND_LYMPHOID_TISSUE,78.8
MOLP2_HAEMATOPOIETIC_AND_LYMPHOID_TISSUE,310.4
MOLT13_HAEMATOPOIETIC_AND_LYMPHOID_TISSUE,305.5
MOLT16_HAEMATOPOIETIC_AND_LYMPHOID_TISSUE,51.3497022
MOLT3_HAEMATOPOIETIC_AND_LYMPHOID_TISSUE,50.9
MONOMAC1_HAEMATOPOIETIC_AND_LYMPHOID_TISSUE,65.26666666666667
MONOMAC6_HAEMATOPOIETIC_AND_LYMPHOID_TISSUE,55.3
MON_SOFT_TISSUE,54.0
MORCPR_LUNG,40.0
MPP89_PLEURA,59.7
MS751_CERVIX,45.6
MSTO211H_PLEURA,38.4
MTA_HAEMATOPOIETIC_AND_LYMPHOID_TISSUE,36.0
MUTZ3_HAEMATOPOIETIC_AND_LYMPHOID_TISSUE,365.0
MUTZ5_HAEMATOPOIETIC_AND_LYMPHOID_TISSUE,279.2
MV411_HAEMATOPOIETIC_AND_LYMPHOID_TISSUE,55.2
MYLA_HAEMATOPOIETIC_AND_LYMPHOID_TISSUE,22.0
NALM1_HAEMATOPOIETIC_AND_LYMPHOID_TISSUE,105.3373125
NALM6_HAEMATOPOIETIC_AND_LYMPHOID_TISSUE,24.0
NAMALWA_HAEMATOPOIETIC_AND_LYMPHOID_TISSUE,54.1
NB1643_AUTONOMIC_GANGLIA,78.0
NB1_AUTONOMIC_GANGLIA,35.666666666666664
NB4_HAEMATOPOIETIC_AND_LYMPHOID_TISSUE,30.08141475
NCIH1048_LUNG,41.800000000000004
NCIH1092_LUNG,106.93333333333334
NCIH1105_LUNG,261.8
NCIH1155_LUNG,50.333333333333336
NCIH1184_LUNG,151.7
NCIH1299_LUNG,44.26666666666667
NCIH1339_LUNG,65.86666666666666
NCIH1341_LUNG,131.8
NCIH1355_LUNG,141.6
NCIH1373_LUNG,51.86666666666667
NCIH1395_LUNG,86.8
NCIH1435_LUNG,81.4
NCIH1436_LUNG,67.13333333333334
NCIH1437_LUNG,47.06666666666666
NCIH146_LUNG,123.4
NCIH1563_LUNG,165.5
NCIH1568_LUNG,65.66666666666667
NCIH1573_LUNG,106.46666666666665
NCIH1581_LUNG,34.1
NCIH1623_LUNG,150.4
NCIH1648_LUNG,162.73333333333332
NCIH1650_LUNG,52.2
NCIH1651_LUNG,138.7
NCIH1666_LUNG,188.4
NCIH1693_LUNG,79.8
NCIH1694_LUNG,79.13333333333334
NCIH1703_LUNG,40.733333333333334
NCIH1755_LUNG,41.0
NCIH1781_LUNG,197.3
NCIH1792_LUNG,34.13333333333333
NCIH1793_LUNG,80.39999999999999
NCIH1836_LUNG,183.9
NCIH1838_LUNG,72.0
NCIH1869_LUNG,207.3
NCIH1876_LUNG,75.0
NCIH1915_LUNG,89.2
NCIH1944_LUNG,66.73333333333333
NCIH196_LUNG,75.3
NCIH1975_LUNG,54.4
NCIH2004RT_SOFT_TISSUE,42.0
NCIH2009_LUNG,54.13333333333333
NCIH2023_LUNG,71.1
NCIH2029_LUNG,171.6
NCIH2030_LUNG,59.93333333333334
NCIH2052_PLEURA,194.2
NCIH2066_LUNG,80.3
NCIH2073_LUNG,152.5
NCIH2085_LUNG,98.9
NCIH2087_LUNG,94.46666666666665
NCIH209_LUNG,92.39999999999999
NCIH2110_LUNG,75.21963865000001
NCIH211_LUNG,147.33333333333334
NCIH2122_LUNG,47.850127166666674
NCIH2126_LUNG,310.46666666666664
NCIH2170_LUNG,61.800000000000004
NCIH2171_LUNG,86.1
NCIH2172_LUNG,52.333333333333336
NCIH2196_LUNG,86.60000000000001
NCIH2227_LUNG,187.6
NCIH2228_LUNG,88.8
NCIH226_LUNG,49.8
NCIH2286_LUNG,73.2
NCIH2291_LUNG,149.7647215
NCIH2342_LUNG,324.8
NCIH2347_LUNG,181.8
NCIH23_LUNG,50.73333333333333
NCIH2444_LUNG,116.0
NCIH2452_PLEURA,48.4
NCIH2882_LUNG,60.0
NCIH2887_LUNG,100.0
NCIH28_PLEURA,70.8
NCIH292_LUNG,24.0
NCIH3122_LUNG,33.0
NCIH322_LUNG,53.13333333333333
NCIH358_LUNG,74.60000000000001
NCIH441_LUNG,202.0
NCIH446_LUNG,214.0
NCIH460_LUNG,31.0
NCIH508_LARGE_INTESTINE,54.7165082
NCIH510_LUNG,979.0
NCIH520_LUNG,41.86666666666667
NCIH522_LUNG,67.0
NCIH524_LUNG,425.0
NCIH526_LUNG,236.0
NCIH596_LUNG,156.9
NCIH647_LUNG,64.39999999999999
NCIH650_LUNG,90.6
NCIH660_PROSTATE,140.0
NCIH661_LUNG,53.0
NCIH69_LUNG,98.3
NCIH716_LARGE_INTESTINE,79.75
NCIH727_LUNG,58.06666666666666
NCIH747_LARGE_INTESTINE,77.7
NCIH82_LUNG,31.066666666666666
NCIH838_LUNG,47.93333333333334
NCIH841_LUNG,39.666666666666664
NCIH854_LUNG,170.0
NCIH929_HAEMATOPOIETIC_AND_LYMPHOID_TISSUE,97.2
NCIN87_STOMACH,76.7
NMB_AUTONOMIC_GANGLIA,44.0
NMCG1_CENTRAL_NERVOUS_SYSTEM,137.9
NOMO1_HAEMATOPOIETIC_AND_LYMPHOID_TISSUE,61.0
NP5_CENTRAL_NERVOUS_SYSTEM,60.0
NP8_CENTRAL_NERVOUS_SYSTEM,81.5
NUDHL1_HAEMATOPOIETIC_AND_LYMPHOID_TISSUE,50.1400122
NUDUL1_HAEMATOPOIETIC_AND_LYMPHOID_TISSUE,37.6729625
NUGC2_STOMACH,278.3
NUGC3_STOMACH,39.46666666666667
NUGC4_STOMACH,48.0
OACM51_OESOPHAGUS,55.0
OAW42_OVARY,50.0
OC314_OVARY,41.8
OC316_OVARY,48.1
OCIAML3_HAEMATOPOIETIC_AND_LYMPHOID_TISSUE,60.26666666666667
OCIC5X_OVARY,54.0
OCILY19_HAEMATOPOIETIC_AND_LYMPHOID_TISSUE,51.1
OCILY3_HAEMATOPOIETIC_AND_LYMPHOID_TISSUE,45.4
OCIM1_HAEMATOPOIETIC_AND_LYMPHOID_TISSUE,50.0
OCIMY5_HAEMATOPOIETIC_AND_LYMPHOID_TISSUE,50.0
OCIMY7_HAEMATOPOIETIC_AND_LYMPHOID_TISSUE,56.0
OCUM1_STOMACH,69.8
OE19_OESOPHAGUS,78.3
OE21_OESOPHAGUS,61.0
OE33_OESOPHAGUS,54.86666666666667
ONCODG1_OVARY,54.7
ONDA9_CENTRAL_NERVOUS_SYSTEM,66.5
ONS76_CENTRAL_NERVOUS_SYSTEM,28.5111771
OPM2_HAEMATOPOIETIC_AND_LYMPHOID_TISSUE,93.0
OUMS23_LARGE_INTESTINE,67.69187265
OV17R_OVARY,72.0
OV56_OVARY,148.6
OV7_OVARY,82.13333333333334
OV90_OVARY,74.13333333333334
OVCAR4_OVARY,63.1
OVCAR8_OVARY,30.05
OVISE_OVARY,55.666666666666664
OVK18_OVARY,43.800000000000004
OVKATE_OVARY,96.0
OVMANA_OVARY,118.75
OVSAHO_OVARY,59.46666666666667
OVTOKO_OVARY,64.26666666666667
P12ICHIKAWA_HAEMATOPOIETIC_AND_LYMPHOID_TISSUE,152.8790665
P31FUJ_HAEMATOPOIETIC_AND_LYMPHOID_TISSUE,40.0
P3HR1_HAEMATOPOIETIC_AND_LYMPHOID_TISSUE,42.6
PA1_OVARY,38.4
PACADD119_PANCREAS,72.0
PACADD135_PANCREAS,130.5
PACADD137_PANCREAS,58.5
PACADD159_PANCREAS,120.0
PACADD161_PANCREAS,48.0
PACADD165_PANCREAS,72.0
PACADD188_PANCREAS,62.5
PANC0203_PANCREAS,102.2
PANC0327_PANCREAS,85.9
PANC0403_PANCREAS,42.266666666666666
PANC0504_PANCREAS,393.59999999999997
PANC0813_PANCREAS,163.93085150000002
PANC1_PANCREAS,35.8
PATU8902_PANCREAS,54.4
PATU8988S_PANCREAS,85.33333333333333
PC14_LUNG,35.2966
PC3_PROSTATE,43.199999999999996
PECAPJ15_UPPER_AERODIGESTIVE_TRACT,61.0
PECAPJ34CLONEC12_UPPER_AERODIGESTIVE_TRACT,91.3192315
PECAPJ41CLONED2_UPPER_AERODIGESTIVE_TRACT,75.8029659
PECAPJ49_UPPER_AERODIGESTIVE_TRACT,48.666666666666664
PEER_HAEMATOPOIETIC_AND_LYMPHOID_TISSUE,41.8196623
PF382_HAEMATOPOIETIC_AND_LYMPHOID_TISSUE,87.0
PFEIFFER_HAEMATOPOIETIC_AND_LYMPHOID_TISSUE,34.1
PK1_PANCREAS,49.46666666666667
PK45H_PANCREAS,68.93333333333334
PK59_PANCREAS,53.8
PL21_HAEMATOPOIETIC_AND_LYMPHOID_TISSUE,72.8
PLCPRF5_LIVER,71.39999999999999
PSN1_PANCREAS,37.266666666666666
QGP1_PANCREAS,81.73333333333333
RAJI_HAEMATOPOIETIC_AND_LYMPHOID_TISSUE,63.45
RCC10RGB_KIDNEY,122.9
RCHACV_HAEMATOPOIETIC_AND_LYMPHOID_TISSUE,39.3
RCM1_LARGE_INTESTINE,87.33333333333333
RD_SOFT_TISSUE,46.26666666666667
REH_HAEMATOPOIETIC_AND_LYMPHOID_TISSUE,63.46666666666667
RERFLCAD1_LUNG,161.46666666666667
RERFLCAD2_LUNG,73.39999999999999
RERFLCAI_LUNG,50.199999999999996
RERFLCKJ_LUNG,56.5
RERFLCMS_LUNG,68.9
RH28_SOFT_TISSUE,71.0
RH30_SOFT_TISSUE,53.0
RH36_SOFT_TISSUE,81.0
RH4_SOFT_TISSUE,24.0
RHJT_SOFT_TISSUE,44.0
RI1_HAEMATOPOIETIC_AND_LYMPHOID_TISSUE,58.12725365
RKN_SOFT_TISSUE,49.8142294
RKO_LARGE_INTESTINE,30.400000000000002
RL952_ENDOMETRIUM,65.0
RL_HAEMATOPOIETIC_AND_LYMPHOID_TISSUE,65.0
RMGI_OVARY,80.0
RMUGS_OVARY,67.62649545
RPMI7951_SKIN,55.26666666666667
RPMI8226_HAEMATOPOIETIC_AND_LYMPHOID_TISSUE,74.39999999999999
RPMI8402_HAEMATOPOIETIC_AND_LYMPHOID_TISSUE,61.800000000000004
RS411_HAEMATOPOIETIC_AND_LYMPHOID_TISSUE,123.85
RT11284_URINARY_TRACT,35.0
RT112_URINARY_TRACT,41.733333333333334
RT4_URINARY_TRACT,85.73333333333333
RVH421_SKIN,46.333333333333336
S117_SOFT_TISSUE,76.3
SAOS2_BONE,162.86666666666667
SBC5_LUNG,44.01717
SCABER_URINARY_TRACT,53.4
SCC15_UPPER_AERODIGESTIVE_TRACT,246.378152
SCC4_UPPER_AERODIGESTIVE_TRACT,51.0
SCCOHT1_OVARY,72.0
SCLC22H_LUNG,144.0
SCMCRM2_SOFT_TISSUE,48.0
SCS214_SOFT_TISSUE,102.0
SEKI_SKIN,49.0
SEM_HAEMATOPOIETIC_AND_LYMPHOID_TISSUE,94.33333333333333
SET2_HAEMATOPOIETIC_AND_LYMPHOID_TISSUE,59.7
SF126_CENTRAL_NERVOUS_SYSTEM,54.7552832
SF172_CENTRAL_NERVOUS_SYSTEM,24.0
SF268_CENTRAL_NERVOUS_SYSTEM,58.0
SF295_CENTRAL_NERVOUS_SYSTEM,52.799833
SF539_CENTRAL_NERVOUS_SYSTEM,84.86666666666666
SF767_CENTRAL_NERVOUS_SYSTEM,51.0
SH10TC_STOMACH,64.0
SH4_SKIN,87.60000000000001
SHP77_LUNG,56.73333333333333
SIHA_CERVIX,60.0
SISO_CERVIX,41.0
SJSA1_BONE,80.8
SKBR3_BREAST,95.3
SKCO1_LARGE_INTESTINE,66.0
SKES1_BONE,36.0
SKGT4_OESOPHAGUS,37.5
SKHEP1_LIVER,72.26666666666667
SKLMS1_SOFT_TISSUE,40.0
SKLU1_LUNG,174.6
SKM1_HAEMATOPOIETIC_AND_LYMPHOID_TISSUE,44.333333333333336
SKMEL1_SKIN,373.0
SKMEL24_SKIN,90.53333333333335
SKMEL30_SKIN,43.4
SKMEL3_SKIN,387.0
SKMEL5_SKIN,100.0
SKMES1_LUNG,43.0
SKMM2_HAEMATOPOIETIC_AND_LYMPHOID_TISSUE,81.78112809999999
SKNAS_AUTONOMIC_GANGLIA,49.93333333333334
SKNBE2_AUTONOMIC_GANGLIA,43.85478045
SKNDZ_AUTONOMIC_GANGLIA,74.7
SKNEP1_BONE,65.0
SKNFI_AUTONOMIC_GANGLIA,88.75
SKNMC_BONE,32.9
SKNSH_AUTONOMIC_GANGLIA,50.6
SKOV3_OVARY,88.030771
SKPNDW_BONE,34.0
SKRC20_KIDNEY,45.0
SKUT1_SOFT_TISSUE,42.06666666666667
SLR23_KIDNEY,40.0
SLR24_KIDNEY,62.0
SLR26_KIDNEY,61.0
SMSCTR_SOFT_TISSUE,60.0
SMZ1_HAEMATOPOIETIC_AND_LYMPHOID_TISSUE,36.0
SNB75_CENTRAL_NERVOUS_SYSTEM,61.0
SNGM_ENDOMETRIUM,45.7653856
SNU1033_LARGE_INTESTINE,142.401922
SNU1040_LARGE_INTESTINE,142.31544150000002
SNU1041_UPPER_AERODIGESTIVE_TRACT,41.630355699999996
SNU1066_UPPER_AERODIGESTIVE_TRACT,61.98333555
SNU1076_UPPER_AERODIGESTIVE_TRACT,46.0
SNU1077_ENDOMETRIUM,70.43061854999999
SNU1079_BILIARY_TRACT,93.6772425
SNU1105_CENTRAL_NERVOUS_SYSTEM,48.0
SNU1196_BILIARY_TRACT,51.19241605
SNU1272_KIDNEY,92.6484588
SNU16_STOMACH,66.75
SNU175_LARGE_INTESTINE,75.79797005
SNU182_LIVER,62.9
SNU1_STOMACH,64.55
SNU201_CENTRAL_NERVOUS_SYSTEM,93.0
SNU213_PANCREAS,74.29016525
SNU216_STOMACH,38.318201450000004
SNU245_BILIARY_TRACT,90.892271
SNU283_LARGE_INTESTINE,109.521857
SNU324_PANCREAS,99.9774562
SNU349_KIDNEY,47.0
SNU387_LIVER,81.33333333333333
SNU398_LIVER,56.052627099999995
SNU407_LARGE_INTESTINE,64.35328
SNU410_PANCREAS,39.57115705
SNU423_LIVER,77.9877065
SNU449_LIVER,56.98688455
SNU466_CENTRAL_NERVOUS_SYSTEM,63.3104912
SNU46_UPPER_AERODIGESTIVE_TRACT,80.2
SNU475_LIVER,57.0809019
SNU478_BILIARY_TRACT,37.764763200000004
SNU489_CENTRAL_NERVOUS_SYSTEM,88.5641187
SNU503_LARGE_INTESTINE,116.33333333333333
SNU520_STOMACH,109.0
SNU5_STOMACH,52.2627021
SNU601_STOMACH,52.89677125
SNU620_STOMACH,82.9278926
SNU626_CENTRAL_NERVOUS_SYSTEM,75.9174058
SNU668_STOMACH,70.77696159999999
SNU685_ENDOMETRIUM,48.0
SNU719_STOMACH,74.88432259999999
SNU738_CENTRAL_NERVOUS_SYSTEM,59.105141849999995
SNU761_LIVER,40.71116845
SNU840_OVARY,40.6
SNU869_BILIARY_TRACT,81.8
SNU878_LIVER,125.53333333333335
SNU886_LIVER,62.740212549999995
SNU8_OVARY,110.60000000000001
SNUC1_LARGE_INTESTINE,54.2669915
SNUC5_LARGE_INTESTINE,46.6396142
SQ1_LUNG,63.9
SR786_HAEMATOPOIETIC_AND_LYMPHOID_TISSUE,41.997932250000005
ST486_HAEMATOPOIETIC_AND_LYMPHOID_TISSUE,53.3
STM9101_SOFT_TISSUE,59.0
SU8686_PANCREAS,62.1
SUDHL10_HAEMATOPOIETIC_AND_LYMPHOID_TISSUE,41.915124899999995
SUDHL1_HAEMATOPOIETIC_AND_LYMPHOID_TISSUE,49.64085125
SUDHL4_HAEMATOPOIETIC_AND_LYMPHOID_TISSUE,42.73333333333333
SUDHL6_HAEMATOPOIETIC_AND_LYMPHOID_TISSUE,48.0
SUIT2_PANCREAS,47.06666666666666
SUM159PT_BREAST,48.0
SUPM2_HAEMATOPOIETIC_AND_LYMPHOID_TISSUE,56.53333333333333
SUPT11_HAEMATOPOIETIC_AND_LYMPHOID_TISSUE,78.9
SUPT1_HAEMATOPOIETIC_AND_LYMPHOID_TISSUE,40.0
SW1088_CENTRAL_NERVOUS_SYSTEM,43.35
SW1116_LARGE_INTESTINE,123.2
SW1271_LUNG,51.0
SW1353_BONE,101.3
SW13_ADRENAL_CORTEX,48.0
SW1417_LARGE_INTESTINE,157.5
SW1463_LARGE_INTESTINE,70.86666666666666
SW1573_LUNG,48.93333333333334
SW1710_URINARY_TRACT,46.1
SW403_LARGE_INTESTINE,98.7033915
SW480_LARGE_INTESTINE,56.4
SW48_LARGE_INTESTINE,157.65
SW579_THYROID,45.0
SW620_LARGE_INTESTINE,28.933333333333334
SW626_OVARY,82.0
SW756_CERVIX,36.0
SW780_URINARY_TRACT,92.9
SW837_LARGE_INTESTINE,44.666666666666664
SW948_LARGE_INTESTINE,154.45
SW982_SOFT_TISSUE,29.0
SYO1_SOFT_TISSUE,25.0
T173_FIBROBLAST,121.2
T24_URINARY_TRACT,38.8
T3M4_PANCREAS,144.4
T47D_BREAST,145.73333333333332
T84_LARGE_INTESTINE,64.45
T98G_CENTRAL_NERVOUS_SYSTEM,56.666666666666664
TALL1_HAEMATOPOIETIC_AND_LYMPHOID_TISSUE,83.1
TC106_BONE,60.0
TC138_BONE,48.0
TC205_BONE,38.0
TC32_BONE,57.0
TC71_BONE,55.1976715
TCCPAN2_PANCREAS,69.53333333333333
TCCSUP_URINARY_TRACT,65.5
TE10_OESOPHAGUS,34.0
TE11_OESOPHAGUS,30.0
TE125T_FIBROBLAST,265.0
TE15_OESOPHAGUS,38.638887100000005
TE1_OESOPHAGUS,80.86666666666666
TE441T_SOFT_TISSUE,257.6
TE4_OESOPHAGUS,43.4357699
TE5_OESOPHAGUS,36.0
TE6_OESOPHAGUS,42.0
TE8_OESOPHAGUS,61.4956358
TE9_OESOPHAGUS,85.33333333333333
TEN_ENDOMETRIUM,142.26666666666668
TF1_HAEMATOPOIETIC_AND_LYMPHOID_TISSUE,47.73333333333333
TFK1_BILIARY_TRACT,44.0
TGBC11TKB_STOMACH,196.0974095
THP1_HAEMATOPOIETIC_AND_LYMPHOID_TISSUE,101.8
TM31_CENTRAL_NERVOUS_SYSTEM,64.40920095
TOLEDO_HAEMATOPOIETIC_AND_LYMPHOID_TISSUE,51.4
TOV112D_OVARY,35.5
TOV21G_OVARY,44.73333333333333
TTC1240_SOFT_TISSUE,35.0
TTC442_SOFT_TISSUE,55.5
TTC549_SOFT_TISSUE,40.0
TTC642_SOFT_TISSUE,30.0
TTC709_SOFT_TISSUE,45.0
TT_OESOPHAGUS,132.051888
TUHR10TKB_KIDNEY,74.86296625
TUHR14TKB_KIDNEY,123.53333333333335
TUHR4TKB_KIDNEY,76.26666666666667
TYKNU_OVARY,54.4136104
U118MG_CENTRAL_NERVOUS_SYSTEM,49.9
U178_CENTRAL_NERVOUS_SYSTEM,45.0
U251MG_CENTRAL_NERVOUS_SYSTEM,33.0
U266B1_HAEMATOPOIETIC_AND_LYMPHOID_TISSUE,198.1
U2OS_BONE,46.0
U87MG_CENTRAL_NERVOUS_SYSTEM,66.0
U937_HAEMATOPOIETIC_AND_LYMPHOID_TISSUE,92.93333333333334
UACC257_SKIN,52.93333333333334
UACC62_SKIN,159.73333333333332
UACC812_BREAST,195.13333333333333
UBLC1_URINARY_TRACT,145.55
UMUC10_URINARY_TRACT,52.8
UMUC11_URINARY_TRACT,43.2
UMUC13_URINARY_TRACT,48.5
UMUC14_URINARY_TRACT,84.0
UMUC16_URINARY_TRACT,61.0
UMUC1_URINARY_TRACT,120.2
UMUC3_URINARY_TRACT,268.8
UMUC4_URINARY_TRACT,60.0
UMUC5_URINARY_TRACT,24.0
UMUC6_URINARY_TRACT,30.0
UMUC7_URINARY_TRACT,87.2
UMUC9_URINARY_TRACT,72.0
UO31_KIDNEY,27.8
UOK101_KIDNEY,26.0
UPCISCC152_UPPER_AERODIGESTIVE_TRACT,72.0
UW228_CENTRAL_NERVOUS_SYSTEM,42.0
VCAP_PROSTATE,53.0
VMCUB1_URINARY_TRACT,56.53333333333333
VMRCRCW_KIDNEY,104.85
VMRCRCZ_KIDNEY,73.6
WM115_SKIN,116.73333333333333
WM1799_SKIN,48.199999999999996
WM2664_SKIN,45.800000000000004
WM793_SKIN,41.46666666666667
WM88_SKIN,35.0
WM983B_SKIN,52.095
WSUDLCL2_HAEMATOPOIETIC_AND_LYMPHOID_TISSUE,49.3
Y79_AUTONOMIC_GANGLIA,36.0
YAMATO_SOFT_TISSUE,90.0
YAPC_PANCREAS,63.46666666666667
YD10B_UPPER_AERODIGESTIVE_TRACT,50.5730393
YD15_SALIVARY_GLAND,35.922016
YD38_UPPER_AERODIGESTIVE_TRACT,42.0
YD8_UPPER_AERODIGESTIVE_TRACT,48.0
YH13_CENTRAL_NERVOUS_SYSTEM,72.06666666666666
YKG1_CENTRAL_NERVOUS_SYSTEM,39.4
ZR751_BREAST,89.13333333333333
ZR7530_BREAST,93.52359799999999
